"Time.Frame","Avg_Dissolved_Oxygen","Avg_Salinity","Avg_pH","Avg_Chlorophyll"
"During fire",87.4090711345833,41.9753846153846,8.24538461538462,9.68961538461538
"Post-fire",97.6153861515584,24.8569344657143,7.92368216801299,7.35006341066234
"Pre-fire",96.3083775989844,32.1497414630469,8.0470772730625,3.20301900796094
